<?xml version="1.0" encoding="utf-8"?>
<extension version="3.3.0" type="package" method="upgrade">
	<name>Mailigen Package</name>
 	<packagename>mailigen</packagename>
    <creationDate>2018-10-04</creationDate>
	<author>Mailigen</author>
    <authorEmail>sales@mailigen.com</authorEmail>
    <authorUrl>https://www.mailigen.com/</authorUrl>
	<url>https://www.mailigen.com/</url>
	<packager>Mailigen</packager>
	<packagerurl>https://www.mailigen.com/</packagerurl>
    <copyright>2010-2018 Mailigen. All rights reserved.</copyright>
    <license>GNU General Public License version 3 or later.</license>   
    <version>1.0.0</version>    
    <description>Mailigen Package</description>  

	<files folder="packages">
		<file type="component" id="com_mailigen" >com_mailigen.zip</file>
		<file type="module" id="mod_mailigen" client="site">mod_mailigen.zip</file>
		<file type="plugin" id="mailigen" group="user">plg_user_mailigen.zip</file>
		<file type="plugin" id="mailigen" group="system">plg_system_mailigen.zip</file>
	</files>

 	<scriptfile>pkg_script.php</scriptfile>

 	 <!-- Update servers -->
    <updateservers>
        <server type="extension" priority="1" name="Mailigen Package">https://raw.githubusercontent.com/Mailigen/joomla_pkg/master/releases/updateserver/pkg_mailigen_updates.xml</server>
    </updateservers>

</extension>