<?xml version="1.0" encoding="utf-8"?>
<form>
	<fields name="mailigen">
		<fieldset name="mailigen" label="PLG_USER_MAILIGEN_NEWSLETTER_SETTINGS">
			<field
                name="subscribe"
                type="subscribe"
                label="PLG_USER_MAILIGEN_RECEIVE_NEWSLETTER"
                description="PLG_USER_MAILIGEN_NEWSLETTER_DESC"
                required="1"
                default="1"
            >
                <option value="1">JYES</option>
                <option value="0">JNO</option>
            </field>
		</fieldset>
	</fields>
</form>
